Vendor Name,Address,Mobile,Email
Zomato Vegetable,,,
DMART,,,
SUMEET TRADERS - Malakpet,,,
Neeta Enterprise - Malakpet,,,
VISHESH TRADERS - Malakpet,,,
Keshar,,,
Bestprice,,,
Devda - Malakpet,,,
Ram Paneer,,,
Raju Vegetable,,,
RR Packaging - Malakpet,,,
SRI SAI - Malakpet,,,
INTERNATIONAL -Malakpet,,,
Flipkart,,,
BLUEDART,,,
Balaji Grand Bazaar,,,
Ravi,,,
SAMEER SHOP - Malakpet,,,
Amazon,,,
N TREE MART ,,,
Uma Devi.R & Co.- Malakpet,,,
NPR,,,
Agromech,,,
Malakpet,,,
Faizan,,,
Wallmart,,,
RA TRADING COMPANY - Malakpet,,,
